"","PCC","PCC.sd","Kappa","Kappa.sd","sensitivity","sensitivity.sd","specificity","specificity.sd","AUC","AUC.sd","nestimate","colony","flight"
"1",1,0,1,0,1,0,1,0,1,0,811,"c","f1f3f4"
"11",0.998789346246973,0.00121065375302664,0.964901844140392,0.0350552916328904,0.998768472906404,0.00123152709359607,1,0,0.999384236453202,0.00061576354679803,811,"c","f3f1f4"
"12",0.998789346246973,0.00121065375302664,0.964901844140392,0.0350552916328904,0.998768472906404,0.00123152709359607,1,0,0.999384236453202,0.00061576354679803,811,"c","f3f4f1"
"13",0.998792270531401,0.00120772946859904,0.96908140403286,0.0308851466081974,0.998768472906404,0.00123152709359607,1,0,0.999384236453202,0.00061576354679803,811,"c","f4f3f1"
"14",0.998792270531401,0.00120772946859904,0.96908140403286,0.0308851466081974,0.998768472906404,0.00123152709359607,1,0,0.999384236453202,0.00061576354679803,811,"c","f4f1f3"
"6",1,0,1,0,1,0,1,0,1,0,811,"c","f1f4f3"
